num_hidden_layers,activation_function,dropout_rate,units_1,units_2,units_3,units_4,batch_size,best_val_accuracy,val_accuracy_std,best_val_loss,val_loss_std,best_train_accuracy,train_accuracy_std,best_train_loss,train_loss_std,delta_acc
2,LeakyReLU,0.3,64,128,256,512,128,0.6440804600715637,0.008876277192970378,0.9623791178067526,0.018162438404816305,0.6709971030553182,0.012678730625282936,0.8746513923009237,0.0338022514076415,0.04179080821791086
3,LeakyReLU,0.3,64,128,256,512,128,0.6424995064735413,0.013551561333538903,0.9565582275390625,0.03629466977919265,0.6730538010597229,0.007479151315829705,0.8634454011917114,0.013309702759066684,0.047555358842038105
